feature,coefficient,absolute_coefficient,odds_ratio,display_feature,nonzero_count,category_count,category_rate
categorical__NAME_INCOME_TYPE_Pensioner,-1.1127791455809604,1.1127791455809604,0.3286443402657257,NAME_INCOME_TYPE_Pensioner,44134,44134.0,0.17940066989691392
categorical__NAME_EDUCATION_TYPE_Academic degree,-1.0716734525159206,1.0716734525159206,0.3424349889724053,NAME_EDUCATION_TYPE_Academic degree,124,124.0,0.0005040486488244284
categorical__NAME_INCOME_TYPE_Unemployed,0.8550166499764865,0.8550166499764865,2.3514135312289772,NAME_INCOME_TYPE_Unemployed,17,17.0,6.910344379044584e-05
categorical__ORGANIZATION_TYPE_Realtor,0.7044511292308222,0.7044511292308222,2.022736159431066,ORGANIZATION_TYPE_Realtor,324,324.0,0.0013170303404767324
categorical__ORGANIZATION_TYPE_Legal Services,0.6732197180083956,0.6732197180083956,1.9605395539926007,ORGANIZATION_TYPE_Legal Services,250,250.0,0.00101622711456538
categorical__ORGANIZATION_TYPE_Trade: type 4,-0.5924290645330277,0.5924290645330277,0.552982422027884,ORGANIZATION_TYPE_Trade: type 4,52,52.0,0.00021137523982959903
categorical__ORGANIZATION_TYPE_Trade: type 5,-0.5903436200448992,0.5903436200448992,0.5541368394903133,ORGANIZATION_TYPE_Trade: type 5,40,40.0,0.0001625963383304608
categorical__NAME_INCOME_TYPE_Student,-0.5799079435578314,0.5799079435578314,0.559949911189475,NAME_INCOME_TYPE_Student,11,11.0,4.471399304087672e-05
categorical__ORGANIZATION_TYPE_Transport: type 3,0.5506619968290364,0.5506619968290364,1.734400805743191,ORGANIZATION_TYPE_Transport: type 3,964,964.0,0.003918571753764105
numerical__AMT_GOODS_PRICE,-0.5275773951851496,0.5275773951851496,0.5900326555730452,AMT_GOODS_PRICE,246008,,
categorical__FLAG_OWN_CAR_Y,-0.5097992253024217,0.5097992253024217,0.6006161552344413,FLAG_OWN_CAR_Y,83595,83595.0,0.3398060225683718
numerical__EXT_SOURCE_3,-0.4892989576438432,0.4892989576438432,0.6130560218112254,EXT_SOURCE_3,246008,,
categorical__ORGANIZATION_TYPE_Industry: type 12,-0.48454795139893114,0.48454795139893114,0.6159755847384709,ORGANIZATION_TYPE_Industry: type 12,293,293.0,0.0011910181782706253
categorical__ORGANIZATION_TYPE_Military,-0.46386562235493195,0.46386562235493195,0.6288480519100088,ORGANIZATION_TYPE_Military,2113,2113.0,0.008589151572306592
categorical__ORGANIZATION_TYPE_Trade: type 6,-0.420944560729273,0.420944560729273,0.656426492206436,ORGANIZATION_TYPE_Trade: type 6,492,492.0,0.001999934961464668
categorical__ORGANIZATION_TYPE_Transport: type 1,-0.3999486614211946,0.3999486614211946,0.6703544601975271,ORGANIZATION_TYPE_Transport: type 1,160,160.0,0.0006503853533218432
categorical__CODE_GENDER_F,-0.3947592433186139,0.3947592433186139,0.6738422517455209,CODE_GENDER_F,161887,161887.0,0.6580558355825826
numerical__EXT_SOURCE_2,-0.37391242363381516,0.37391242363381516,0.6880371649852742,EXT_SOURCE_2,246008,,
numerical__AMT_CREDIT,0.3495979403638476,0.3495979403638476,1.418497113493143,AMT_CREDIT,246008,,
categorical__ORGANIZATION_TYPE_Industry: type 8,0.34829610070445965,0.34829610070445965,1.4166516591975036,ORGANIZATION_TYPE_Industry: type 8,19,19.0,7.723326070696888e-05
categorical__NAME_HOUSING_TYPE_Office apartment,-0.34345722105022,0.34345722105022,0.7093138241958596,NAME_HOUSING_TYPE_Office apartment,2097,2097.0,0.008524113036974408
categorical__FLAG_OWN_REALTY_N,-0.34150584341357,0.34150584341357,0.7106993146977049,FLAG_OWN_REALTY_N,75318,75318.0,0.30616077525934116
categorical__NAME_TYPE_SUITE___MISSING__,-0.3371165407217093,0.3371165407217093,0.7138256452991569,NAME_TYPE_SUITE___MISSING__,1029,1029.0,0.004182790803551104
categorical__NAME_CONTRACT_TYPE_Cash loans,-0.3260922093261051,0.3260922093261051,0.7217386333303052,NAME_CONTRACT_TYPE_Cash loans,222560,222560.0,0.9046860264706839
categorical__NAME_CONTRACT_TYPE_Revolving loans,-0.3243527744173095,0.3243527744173095,0.7229951431958965,NAME_CONTRACT_TYPE_Revolving loans,23448,23448.0,0.09531397352931611
categorical__FLAG_OWN_REALTY_Y,-0.30893914029655617,0.30893914029655617,0.7342254534098963,FLAG_OWN_REALTY_Y,170690,170690.0,0.6938392247406588
numerical__BASEMENTAREA_AVG,-0.30406145145501207,0.30406145145501207,0.7378155252199079,BASEMENTAREA_AVG,246008,,
numerical__BASEMENTAREA_MEDI,0.29821015557314823,0.29821015557314823,1.3474449311882393,BASEMENTAREA_MEDI,246008,,
categorical__NAME_INCOME_TYPE_Businessman,-0.29343090174806763,0.29343090174806763,0.7457007477020725,NAME_INCOME_TYPE_Businessman,9,9.0,3.658417612435368e-05
numerical__FLAG_EMP_PHONE,-0.28219909213933975,0.28219909213933975,0.754123529519425,FLAG_EMP_PHONE,246008,,
categorical__ORGANIZATION_TYPE_Construction,0.2786219767035104,0.2786219767035104,1.3213077643323865,ORGANIZATION_TYPE_Construction,5399,5399.0,0.021946440766153947
categorical__EMERGENCYSTATE_MODE_Yes,-0.2771353397776102,0.2771353397776102,0.7579519091257271,EMERGENCYSTATE_MODE_Yes,1857,1857.0,0.007548535006991643
categorical__ORGANIZATION_TYPE_Cleaning,0.2759591040098902,0.2759591040098902,1.3177939704361132,ORGANIZATION_TYPE_Cleaning,212,212.0,0.0008617605931514422
categorical__ORGANIZATION_TYPE_Security Ministries,-0.27547712046198264,0.27547712046198264,0.7592098022648716,ORGANIZATION_TYPE_Security Ministries,1598,1598.0,0.0064957237163019085
categorical__ORGANIZATION_TYPE_Advertising,0.274722900639723,0.274722900639723,1.3161659155994447,ORGANIZATION_TYPE_Advertising,331,331.0,0.0013454846996845632
categorical__ORGANIZATION_TYPE_Police,-0.2743609935852186,0.2743609935852186,0.7600576497949735,ORGANIZATION_TYPE_Police,1861,1861.0,0.007564794640824689
categorical__NAME_EDUCATION_TYPE_Lower secondary,0.2735710440356923,0.2735710440356923,1.3146507539895376,NAME_EDUCATION_TYPE_Lower secondary,3025,3025.0,0.012296348086241098
numerical__YEARS_BUILD_AVG,0.2670294182085218,0.2670294182085218,1.3060788682659918,YEARS_BUILD_AVG,246008,,
categorical__NAME_FAMILY_STATUS_Married,-0.2566181653125265,0.2566181653125265,0.7736635689604949,NAME_FAMILY_STATUS_Married,157153,157153.0,0.6388125589411726
categorical__ORGANIZATION_TYPE_Trade: type 2,-0.25523087857061116,0.25523087857061116,0.7747376069995281,ORGANIZATION_TYPE_Trade: type 2,1523,1523.0,0.006190855581932295
numerical__YEARS_BUILD_MEDI,-0.24755269171711133,0.24755269171711133,0.7807090828249812,YEARS_BUILD_MEDI,246008,,
categorical__EMERGENCYSTATE_MODE_No,-0.23671013424051204,0.23671013424051204,0.7892200227261188,EMERGENCYSTATE_MODE_No,127570,127570.0,0.518560372020422
categorical__OCCUPATION_TYPE_Accountants,-0.23454379109077064,0.23454379109077064,0.7909315973756245,OCCUPATION_TYPE_Accountants,7882,7882.0,0.0320396084680173
categorical__HOUSETYPE_MODE_terraced house,-0.23381438110349903,0.23381438110349903,0.7915087212363652,HOUSETYPE_MODE_terraced house,993,993.0,0.004036454099053689
categorical__NAME_INCOME_TYPE_Working,0.2201552442382224,0.2201552442382224,1.246270191836671,NAME_INCOME_TYPE_Working,127043,127043.0,0.5164181652629183
categorical__ORGANIZATION_TYPE_Industry: type 9,-0.21862968602939303,0.21862968602939303,0.8036192544962829,ORGANIZATION_TYPE_Industry: type 9,2720,2720.0,0.011056551006471333
numerical__LIVINGAPARTMENTS_MEDI,0.21831416535191306,0.21831416535191306,1.2439778209651624,LIVINGAPARTMENTS_MEDI,246008,,
categorical__ORGANIZATION_TYPE_Telecom,0.2170275669320142,0.2170275669320142,1.242378350225221,ORGANIZATION_TYPE_Telecom,452,452.0,0.001837338623134207
categorical__HOUSETYPE_MODE___MISSING__,-0.21347988734977033,0.21347988734977033,0.8077684063506086,HOUSETYPE_MODE___MISSING__,123328,123328.0,0.5013170303404767
categorical__ORGANIZATION_TYPE_Hotel,-0.20960550510453593,0.20960550510453593,0.810904080399943,ORGANIZATION_TYPE_Hotel,783,783.0,0.00318282332281877
categorical__WALLSMATERIAL_MODE_Monolithic,-0.20334711816256976,0.20334711816256976,0.8159949455937094,WALLSMATERIAL_MODE_Monolithic,1445,1445.0,0.005873792722187896
categorical__OCCUPATION_TYPE_Low-skill Laborers,0.1996283382331236,0.1996283382331236,1.2209488938002437,OCCUPATION_TYPE_Low-skill Laborers,1696,1696.0,0.006894084745211537
categorical__ORGANIZATION_TYPE_Industry: type 5,-0.19858007984741682,0.19858007984741682,0.8198941111161174,ORGANIZATION_TYPE_Industry: type 5,466,466.0,0.0018942473415498682
numerical__EXT_SOURCE_1,-0.19261109202676802,0.19261109202676802,0.8248026841119275,EXT_SOURCE_1,246008,,
numerical__ANNUITY_INCOME_RATIO,0.18560718384739505,0.18560718384739505,1.2039492367709355,ANNUITY_INCOME_RATIO,246008,,
categorical__ORGANIZATION_TYPE_Self-employed,0.1835558023035277,0.1835558023035277,1.201482009004831,ORGANIZATION_TYPE_Self-employed,30572,30572.0,0.12427238138597119
categorical__FONDKAPREMONT_MODE_reg oper spec account,-0.18346874878150926,0.18346874878150926,0.8323778881546823,FONDKAPREMONT_MODE_reg oper spec account,9678,9678.0,0.03934018405905499
categorical__NAME_EDUCATION_TYPE_Secondary / secondary special,0.1811774334182347,0.1811774334182347,1.1986278370606653,NAME_EDUCATION_TYPE_Secondary / secondary special,174768,174768.0,0.7104159214334493
numerical__APARTMENTS_MEDI,-0.17956511911504375,0.17956511911504375,0.8356335334551681,APARTMENTS_MEDI,246008,,
categorical__OCCUPATION_TYPE_Private service staff,-0.17863505797830873,0.17863505797830873,0.836411085258495,OCCUPATION_TYPE_Private service staff,2094,2094.0,0.008511918311599623
numerical__ANNUITY_CREDIT_RATIO,-0.17648484264982645,0.17648484264982645,0.8382114841238817,ANNUITY_CREDIT_RATIO,246008,,
numerical__APARTMENTS_AVG,0.17360935423847887,0.17360935423847887,1.1895907664494632,APARTMENTS_AVG,246008,,
numerical__OBS_30_CNT_SOCIAL_CIRCLE,0.17342849105769204,0.17342849105769204,1.1893756327350788,OBS_30_CNT_SOCIAL_CIRCLE,246008,,
numerical__OBS_60_CNT_SOCIAL_CIRCLE,-0.17091401214473767,0.17091401214473767,0.8428940490070549,OBS_60_CNT_SOCIAL_CIRCLE,246008,,
numerical__LIVINGAPARTMENTS_AVG,-0.1699147510491983,0.1699147510491983,0.8437367412025318,LIVINGAPARTMENTS_AVG,246008,,
categorical__NAME_FAMILY_STATUS_Widow,-0.1659293557610537,0.1659293557610537,0.8471060752396542,NAME_FAMILY_STATUS_Widow,12842,12842.0,0.05220155442099444
categorical__ORGANIZATION_TYPE_Bank,-0.16419757726072198,0.16419757726072198,0.8485743463214482,ORGANIZATION_TYPE_Bank,2000,2000.0,0.00812981691652304
categorical__ORGANIZATION_TYPE_Industry: type 6,-0.16066544284310766,0.16066544284310766,0.8515769246093777,ORGANIZATION_TYPE_Industry: type 6,87,87.0,0.00035364703586875226
numerical__FLAG_DOCUMENT_3,0.16045132266258916,0.16045132266258916,1.1740406225781397,FLAG_DOCUMENT_3,246008,,
categorical__ORGANIZATION_TYPE_Trade: type 1,0.16038757276820365,0.16038757276820365,1.1739657799980745,ORGANIZATION_TYPE_Trade: type 1,274,274.0,0.0011137849175636564
categorical__ORGANIZATION_TYPE_Trade: type 3,0.15724114667729266,0.15724114667729266,1.1702777884770161,ORGANIZATION_TYPE_Trade: type 3,2800,2800.0,0.011381743683132255
categorical__ORGANIZATION_TYPE_Industry: type 1,0.15712988428686508,0.15712988428686508,1.1701475878161585,ORGANIZATION_TYPE_Industry: type 1,846,846.0,0.003438912555689246
categorical__NAME_INCOME_TYPE_Commercial associate,0.15607216156516263,0.15607216156516263,1.1689105504613697,NAME_INCOME_TYPE_Commercial associate,57273,57273.0,0.23280950213001203
categorical__ORGANIZATION_TYPE_Industry: type 3,0.15247687072632435,0.15247687072632435,1.1647155227589918,ORGANIZATION_TYPE_Industry: type 3,2650,2650.0,0.010772007414393029
categorical__FONDKAPREMONT_MODE___MISSING__,-0.1476437352795913,0.1476437352795913,0.8627384234604233,FONDKAPREMONT_MODE___MISSING__,168215,168215.0,0.6837785763064615
categorical__CODE_GENDER_XNA,-0.14756222158654192,0.14756222158654192,0.862808751321758,CODE_GENDER_XNA,2,2.0,8.129816916523039e-06
numerical__COMMONAREA_MEDI,-0.1471193919859911,0.1471193919859911,0.8631909131865055,COMMONAREA_MEDI,246008,,
categorical__NAME_INCOME_TYPE_State servant,0.14689965923020332,0.14689965923020332,1.158237738732623,NAME_INCOME_TYPE_State servant,17518,17518.0,0.07120906637182531
categorical__ORGANIZATION_TYPE_Industry: type 10,-0.14634152575043965,0.14634152575043965,0.8638626214684348,ORGANIZATION_TYPE_Industry: type 10,85,85.0,0.00034551721895222917
numerical__AMT_ANNUITY,0.1449565362454648,0.1449565362454648,1.1559893255398268,AMT_ANNUITY,246008,,
numerical__CREDIT_INCOME_RATIO,-0.14243686882468365,0.14243686882468365,0.8672423025899212,CREDIT_INCOME_RATIO,246008,,
categorical__FLAG_OWN_CAR_N,-0.14064575844356914,0.14064575844356914,0.8687970212017163,FLAG_OWN_CAR_N,162413,162413.0,0.6601939774316282
categorical__OCCUPATION_TYPE_High skill tech staff,-0.13913024744134253,0.13913024744134253,0.8701146908652864,OCCUPATION_TYPE_High skill tech staff,9093,9093.0,0.036962212610972
categorical__FONDKAPREMONT_MODE_org spec account,-0.13911334960561644,0.13911334960561644,0.870129394044621,FONDKAPREMONT_MODE_org spec account,4495,4495.0,0.018271763519885534
categorical__ORGANIZATION_TYPE_Restaurant,0.1385305182541573,0.1385305182541573,1.1485847338361375,ORGANIZATION_TYPE_Restaurant,1442,1442.0,0.005861597996813112
categorical__EMERGENCYSTATE_MODE___MISSING__,-0.13659950959556907,0.13659950959556907,0.8723195117787311,EMERGENCYSTATE_MODE___MISSING__,116581,116581.0,0.47389109297258625
categorical__WEEKDAY_APPR_PROCESS_START_MONDAY,-0.13382741979979,0.13382741979979,0.8747410145568969,WEEKDAY_APPR_PROCESS_START_MONDAY,40590,40590.0,0.16499463432083508
categorical__OCCUPATION_TYPE_HR staff,0.13347092482969433,0.13347092482969433,1.1427880388952136,OCCUPATION_TYPE_HR staff,443,443.0,0.0018007544470098533
categorical__ORGANIZATION_TYPE_School,-0.13311579915131164,0.13311579915131164,0.8753637198636253,ORGANIZATION_TYPE_School,7179,7179.0,0.029181977821859453
categorical__ORGANIZATION_TYPE_Emergency,-0.1330569510908258,0.1330569510908258,0.8754152348365222,ORGANIZATION_TYPE_Emergency,458,458.0,0.001861728073883776
categorical__WEEKDAY_APPR_PROCESS_START_SATURDAY,-0.13178962215706394,0.13178962215706394,0.8765253772018711,WEEKDAY_APPR_PROCESS_START_SATURDAY,27104,27104.0,0.11017527885272024
categorical__HOUSETYPE_MODE_block of flats,-0.12690483031781816,0.12690483031781816,0.8808174957295121,HOUSETYPE_MODE_block of flats,120478,120478.0,0.4897320412344314
numerical__REGION_RATING_CLIENT_W_CITY,0.12672600683524107,0.12672600683524107,1.1351059638947287,REGION_RATING_CLIENT_W_CITY,246008,,
categorical__ORGANIZATION_TYPE_Trade: type 7,0.12408932549482479,0.12408932549482479,1.1321169933933384,ORGANIZATION_TYPE_Trade: type 7,6264,6264.0,0.02546258658255016
categorical__NAME_TYPE_SUITE_Other_A,-0.12354500034615755,0.12354500034615755,0.8837818698591506,NAME_TYPE_SUITE_Other_A,697,697.0,0.002833241195408279
categorical__WEEKDAY_APPR_PROCESS_START_SUNDAY,-0.12314276067992104,0.12314276067992104,0.8841374334896126,WEEKDAY_APPR_PROCESS_START_SUNDAY,12961,12961.0,0.05268527852752756
categorical__WALLSMATERIAL_MODE_Panel,-0.12260208088871315,0.12260208088871315,0.8846155979878427,WALLSMATERIAL_MODE_Panel,52854,52854.0,0.21484667165295437
categorical__OCCUPATION_TYPE_IT staff,-0.12065835700472596,0.12065835700472596,0.8863367186035482,OCCUPATION_TYPE_IT staff,424,424.0,0.0017235211863028844
categorical__WALLSMATERIAL_MODE_Block,-0.12016460084296021,0.12016460084296021,0.8867744608798378,WALLSMATERIAL_MODE_Block,7473,7473.0,0.030377060908588337
categorical__OCCUPATION_TYPE_Core staff,-0.11940205941479096,0.11940205941479096,0.8874509210253654,OCCUPATION_TYPE_Core staff,22093,22093.0,0.08980602256837177
categorical__WALLSMATERIAL_MODE___MISSING__,-0.11727759856197749,0.11727759856197749,0.8893382798660064,WALLSMATERIAL_MODE___MISSING__,124975,124975.0,0.5080119345712335
categorical__NAME_HOUSING_TYPE_House / apartment,-0.11615792742789911,0.11615792742789911,0.8903346039399683,NAME_HOUSING_TYPE_House / apartment,218383,218383.0,0.8877069038405255
categorical__NAME_FAMILY_STATUS_Civil marriage,-0.11227650871257543,0.11227650871257543,0.8937970806485818,NAME_FAMILY_STATUS_Civil marriage,23812,23812.0,0.09679360020812332
numerical__ELEVATORS_MODE,0.11043340302590769,0.11043340302590769,1.1167619736073324,ELEVATORS_MODE,246008,,
categorical__ORGANIZATION_TYPE_Agriculture,0.10990264377366982,0.10990264377366982,1.1161693991283974,ORGANIZATION_TYPE_Agriculture,1975,1975.0,0.008028194205066503
categorical__ORGANIZATION_TYPE_Business Entity Type 3,0.10838299925210428,0.10838299925210428,1.1144745065591473,ORGANIZATION_TYPE_Business Entity Type 3,54436,54436.0,0.2212773568339241
categorical__CODE_GENDER_M,-0.10812351882907291,0.10812351882907291,0.8975167293680061,CODE_GENDER_M,84119,84119.0,0.3419360346005008
categorical__NAME_HOUSING_TYPE_With parents,-0.10604516531714683,0.10604516531714683,0.899384026193801,NAME_HOUSING_TYPE_With parents,11857,11857.0,0.04819761958960684
categorical__ORGANIZATION_TYPE_Industry: type 2,-0.10481956688544622,0.10481956688544622,0.9004869856003981,ORGANIZATION_TYPE_Industry: type 2,375,375.0,0.00152434067184807
numerical__NONLIVINGAPARTMENTS_MODE,0.10417065728263211,0.10417065728263211,1.1097898324728959,NONLIVINGAPARTMENTS_MODE,246008,,
categorical__FONDKAPREMONT_MODE_reg oper account,-0.10376767946004596,0.10376767946004596,0.9014346948916468,FONDKAPREMONT_MODE_reg oper account,59046,59046.0,0.2400165848265097
numerical__EMPLOYMENT_YEARS,-0.09853000324843465,0.09853000324843465,0.9061685042076472,EMPLOYMENT_YEARS,246008,,
categorical__ORGANIZATION_TYPE_XNA,-0.09342758696277062,0.09342758696277062,0.9108039691200137,ORGANIZATION_TYPE_XNA,44143,44143.0,0.1794372540730383
numerical__LIVINGAREA_AVG,0.09203246723705093,0.09203246723705093,1.096400418595247,LIVINGAREA_AVG,246008,,
"categorical__NAME_TYPE_SUITE_Spouse, partner",-0.0915784504620452,0.0915784504620452,0.9124897281032089,"NAME_TYPE_SUITE_Spouse, partner",9068,9068.0,0.03686058989951546
categorical__WEEKDAY_APPR_PROCESS_START_THURSDAY,-0.09036493580159355,0.09036493580159355,0.9135977199119548,WEEKDAY_APPR_PROCESS_START_THURSDAY,40461,40461.0,0.16447026112971935
categorical__OCCUPATION_TYPE_Realty agents,-0.08907683913813264,0.08907683913813264,0.9147752803297249,OCCUPATION_TYPE_Realty agents,594,594.0,0.002414555624207343
numerical__COMMONAREA_AVG,0.0888311529741218,0.0888311529741218,1.0928961084890796,COMMONAREA_AVG,246008,,
numerical__CNT_FAM_MEMBERS,0.08831709690770082,0.08831709690770082,1.0923344429906898,CNT_FAM_MEMBERS,246008,,
numerical__FLAG_DOCUMENT_6,0.08825374792257393,0.08825374792257393,1.0922652469040814,FLAG_DOCUMENT_6,246008,,
categorical__ORGANIZATION_TYPE_Business Entity Type 2,0.08671025847135774,0.08671025847135774,1.090580647432755,ORGANIZATION_TYPE_Business Entity Type 2,8431,8431.0,0.034271243211602874
numerical__missingindicator_EXT_SOURCE_1,0.08525959936398714,0.08525959936398714,1.088999733644968,missingindicator_EXT_SOURCE_1,246008,,
categorical__ORGANIZATION_TYPE_University,-0.08401358845137724,0.08401358845137724,0.9194187625330907,ORGANIZATION_TYPE_University,1054,1054.0,0.004284413515007642
numerical__FLOORSMAX_AVG,-0.0830685584047017,0.0830685584047017,0.920288051576599,FLOORSMAX_AVG,246008,,
categorical__NAME_TYPE_SUITE_Group of people,-0.0825928775341079,0.0825928775341079,0.9207259191325237,NAME_TYPE_SUITE_Group of people,221,221.0,0.0008983447692757959
numerical__CREDIT_GOODS_RATIO,0.08046017921531808,0.08046017921531808,1.083785688586416,CREDIT_GOODS_RATIO,246008,,
numerical__NONLIVINGAPARTMENTS_MEDI,-0.07912902030491548,0.07912902030491548,0.9239207122228448,NONLIVINGAPARTMENTS_MEDI,246008,,
categorical__OCCUPATION_TYPE___MISSING__,-0.07684544936373373,0.07684544936373373,0.9260329615309083,OCCUPATION_TYPE___MISSING__,76940,76940.0,0.3127540567786413
categorical__FONDKAPREMONT_MODE_not specified,-0.07645147037839217,0.07645147037839217,0.9263978709360836,FONDKAPREMONT_MODE_not specified,4574,4574.0,0.018592891288088192
categorical__HOUSETYPE_MODE_specific housing,-0.07624588488178083,0.07624588488178083,0.926588344481068,HOUSETYPE_MODE_specific housing,1209,1209.0,0.004914474326038178
numerical__NONLIVINGAREA_MODE,-0.07525996495743138,0.07525996495743138,0.9275023368791835,NONLIVINGAREA_MODE,246008,,
categorical__OCCUPATION_TYPE_Drivers,0.07479210530671715,0.07479210530671715,1.077660087781261,OCCUPATION_TYPE_Drivers,14944,14944.0,0.06074599200026015
numerical__FLAG_WORK_PHONE,0.07206453669420435,0.07206453669420435,1.0747247010051384,FLAG_WORK_PHONE,246008,,
numerical__ELEVATORS_AVG,-0.07166763963304923,0.07166763963304923,0.9308402188017005,ELEVATORS_AVG,246008,,
numerical__LIVINGAREA_MEDI,-0.07150874369581785,0.07150874369581785,0.9309881372821912,LIVINGAREA_MEDI,246008,,
categorical__NAME_FAMILY_STATUS_Single / not married,-0.06807187595667713,0.06807187595667713,0.9341933251250981,NAME_FAMILY_STATUS_Single / not married,36359,36359.0,0.1477960066339306
categorical__ORGANIZATION_TYPE_Security,0.06793473177765445,0.06793473177765445,1.0702954499176265,ORGANIZATION_TYPE_Security,2607,2607.0,0.010597216350687782
numerical__FLAG_DOCUMENT_4,-0.0663425303539843,0.0663425303539843,0.935810265965761,FLAG_DOCUMENT_4,246008,,
categorical__ORGANIZATION_TYPE_Culture,0.06418841370964475,0.06418841370964475,1.0662932841093624,ORGANIZATION_TYPE_Culture,296,296.0,0.00120321290364541
numerical__COMMONAREA_MODE,0.06262581865376612,0.06262581865376612,1.0646284006036266,COMMONAREA_MODE,246008,,
numerical__LANDAREA_MEDI,-0.06260725453918395,0.06260725453918395,0.9393123119014133,LANDAREA_MEDI,246008,,
numerical__ENTRANCES_MEDI,0.06237346660492937,0.06237346660492937,1.06435977334123,ENTRANCES_MEDI,246008,,
numerical__REG_CITY_NOT_LIVE_CITY,0.061418098345302874,0.061418098345302874,1.0633434033780638,REG_CITY_NOT_LIVE_CITY,246008,,
numerical__DAYS_EMPLOYED_ANOMALOUS,0.060686423478771644,0.060686423478771644,1.062565666295355,DAYS_EMPLOYED_ANOMALOUS,246008,,
numerical__missingindicator_EMPLOYMENT_YEARS,0.060686423478771644,0.060686423478771644,1.062565666295355,missingindicator_EMPLOYMENT_YEARS,246008,,
numerical__missingindicator_EMPLOYED_AGE_RATIO,0.060686423478771644,0.060686423478771644,1.062565666295355,missingindicator_EMPLOYED_AGE_RATIO,246008,,
numerical__LANDAREA_AVG,0.06064785275354688,0.06064785275354688,1.062524683157387,LANDAREA_AVG,246008,,
categorical__ORGANIZATION_TYPE_Religion,-0.060609103245660656,0.060609103245660656,0.9411910764152356,ORGANIZATION_TYPE_Religion,69,69.0,0.00028047868362004487
categorical__WEEKDAY_APPR_PROCESS_START_FRIDAY,-0.05956666991514438,0.05956666991514438,0.9421727169221737,WEEKDAY_APPR_PROCESS_START_FRIDAY,40241,40241.0,0.16357598126890183
categorical__NAME_EDUCATION_TYPE_Higher education,-0.057611569989980405,0.057611569989980405,0.9440165605925027,NAME_EDUCATION_TYPE_Higher education,59802,59802.0,0.2430896556209554
categorical__NAME_TYPE_SUITE_Other_B,0.05738525150469402,0.05738525150469402,1.059063737711669,NAME_TYPE_SUITE_Other_B,1432,1432.0,0.005820948912230496
categorical__WEEKDAY_APPR_PROCESS_START_TUESDAY,-0.056507006219949626,0.056507006219949626,0.9450598631746846,WEEKDAY_APPR_PROCESS_START_TUESDAY,43167,43167.0,0.17546990341777502
categorical__OCCUPATION_TYPE_Medicine staff,-0.05614762822819366,0.05614762822819366,0.9453995579261543,OCCUPATION_TYPE_Medicine staff,6871,6871.0,0.027929986016714904
numerical__ELEVATORS_MEDI,-0.055441630517956204,0.055441630517956204,0.9460672435138247,ELEVATORS_MEDI,246008,,
categorical__WEEKDAY_APPR_PROCESS_START_WEDNESDAY,-0.0552465690588496,0.0552465690588496,0.9462518027703711,WEEKDAY_APPR_PROCESS_START_WEDNESDAY,41484,41484.0,0.1686286624825209
categorical__NAME_TYPE_SUITE_Family,-0.054782922436600934,0.054782922436600934,0.9466906309452617,NAME_TYPE_SUITE_Family,32080,32080.0,0.13040226334102956
numerical__REGION_RATING_CLIENT,-0.05456185351942597,0.05456185351942597,0.9468999379527288,REGION_RATING_CLIENT,246008,,
categorical__OCCUPATION_TYPE_Sales staff,-0.05410292919526555,0.05410292919526555,0.9473345930960816,OCCUPATION_TYPE_Sales staff,25606,25606.0,0.10408604598224448
numerical__missingindicator_OWN_CAR_AGE,-0.05369947832726442,0.05369947832726442,0.9477168731703822,missingindicator_OWN_CAR_AGE,246008,,
categorical__ORGANIZATION_TYPE_Transport: type 4,0.05184021697762186,0.05184021697762186,1.0532074443994748,ORGANIZATION_TYPE_Transport: type 4,4311,4311.0,0.017523820363565413
numerical__REG_CITY_NOT_WORK_CITY,-0.0505539271978393,0.0505539271978393,0.950702658559558,REG_CITY_NOT_WORK_CITY,246008,,
numerical__EXT_SOURCE_AVAILABLE_COUNT,-0.050414752383671206,0.050414752383671206,0.9508349816331982,EXT_SOURCE_AVAILABLE_COUNT,246008,,
numerical__ENTRANCES_MODE,-0.050366341531170325,0.050366341531170325,0.9508810134794582,ENTRANCES_MODE,246008,,
numerical__missingindicator_TOTALAREA_MODE,0.04974664067961984,0.04974664067961984,1.0510047807837042,missingindicator_TOTALAREA_MODE,246008,,
numerical__ENTRANCES_AVG,-0.04969313937111068,0.04969313937111068,0.9515213641502357,ENTRANCES_AVG,246008,,
categorical__ORGANIZATION_TYPE_Industry: type 13,0.04870889472059258,0.04870889472059258,1.0499146705461044,ORGANIZATION_TYPE_Industry: type 13,51,51.0,0.0002073103313713375
categorical__WALLSMATERIAL_MODE_Wooden,-0.047614057376077025,0.047614057376077025,0.9535017130268253,WALLSMATERIAL_MODE_Wooden,4292,4292.0,0.017446587102858443
categorical__NAME_FAMILY_STATUS_Separated,-0.04751630070269071,0.04751630070269071,0.9535949287385137,NAME_FAMILY_STATUS_Separated,15840,15840.0,0.06438814997886248
numerical__ID_PUBLISH_YEARS,-0.04689865593984571,0.04689865593984571,0.9541840935806843,ID_PUBLISH_YEARS,246008,,
numerical__FLAG_DOCUMENT_16,-0.046412815957593424,0.046412815957593424,0.9546477869950543,FLAG_DOCUMENT_16,246008,,
numerical__FLAG_DOCUMENT_13,-0.04620934104863131,0.04620934104863131,0.9548420536301266,FLAG_DOCUMENT_13,246008,,
numerical__FLAG_DOCUMENT_8,0.04496932750558546,0.04496932750558546,1.045995776117074,FLAG_DOCUMENT_8,246008,,
categorical__ORGANIZATION_TYPE_Industry: type 4,-0.04483665025257453,0.04483665025257453,0.9561536565354986,ORGANIZATION_TYPE_Industry: type 4,716,716.0,0.002910474456115248
numerical__NONLIVINGAREA_AVG,0.04377242332180933,0.04377242332180933,1.0447445683337138,NONLIVINGAREA_AVG,246008,,
numerical__FLAG_DOCUMENT_18,-0.0436177027261221,0.0436177027261221,0.9573198683011148,FLAG_DOCUMENT_18,246008,,
categorical__NAME_HOUSING_TYPE_Co-op apartment,-0.04248664613894271,0.04248664613894271,0.9584032638195152,NAME_HOUSING_TYPE_Co-op apartment,882,882.0,0.0035852492601866604
categorical__NAME_INCOME_TYPE_Maternity leave,-0.04247070775441105,0.04247070775441105,0.9584185393410036,NAME_INCOME_TYPE_Maternity leave,3,3.0,1.219472537478456e-05
categorical__OCCUPATION_TYPE_Managers,-0.04240008528040911,0.04240008528040911,0.95848622761951,OCCUPATION_TYPE_Managers,17096,17096.0,0.06949367500243894
numerical__DEF_30_CNT_SOCIAL_CIRCLE,0.042365460211341,0.042365460211341,1.0432756848409601,DEF_30_CNT_SOCIAL_CIRCLE,246008,,
numerical__REGISTRATION_YEARS,-0.04106244511407641,0.04106244511407641,0.9597691951796217,REGISTRATION_YEARS,246008,,
numerical__CNT_CHILDREN,-0.040769744851650996,0.040769744851650996,0.9600501609922961,CNT_CHILDREN,246008,,
numerical__FLOORSMAX_MEDI,0.04076463320813359,0.04076463320813359,1.0416069170135491,FLOORSMAX_MEDI,246008,,
numerical__FLAG_DOCUMENT_5,0.039921111146801004,0.039921111146801004,1.0407286690626474,FLAG_DOCUMENT_5,246008,,
numerical__LIVE_CITY_NOT_WORK_CITY,0.03871566786968404,0.03871566786968404,1.0394748855195164,LIVE_CITY_NOT_WORK_CITY,246008,,
categorical__WALLSMATERIAL_MODE_Mixed,-0.03860506077135443,0.03860506077135443,0.962130617244954,WALLSMATERIAL_MODE_Mixed,1799,1799.0,0.007312770316412474
categorical__NAME_HOUSING_TYPE_Rented apartment,-0.038289889358984884,0.038289889358984884,0.9624339011011652,NAME_HOUSING_TYPE_Rented apartment,3873,3873.0,0.015743390458846866
numerical__INCOME_PER_PERSON,0.037764592145999094,0.037764592145999094,1.0384867361674341,INCOME_PER_PERSON,246008,,
categorical__ORGANIZATION_TYPE_Kindergarten,-0.037643745424440114,0.037643745424440114,0.9630559728810727,ORGANIZATION_TYPE_Kindergarten,5552,5552.0,0.02256837176026796
numerical__EMPLOYED_AGE_RATIO,-0.03752413401773748,0.03752413401773748,0.9631711722501642,EMPLOYED_AGE_RATIO,246008,,
categorical__ORGANIZATION_TYPE_Industry: type 7,-0.03748813606531743,0.03748813606531743,0.9632058450642668,ORGANIZATION_TYPE_Industry: type 7,1045,1045.0,0.0042478293388832885
numerical__DAYS_LAST_PHONE_CHANGE,0.03729920583909701,0.03729920583909701,1.0380035511030996,DAYS_LAST_PHONE_CHANGE,246008,,
"categorical__WALLSMATERIAL_MODE_Stone, brick",-0.03690264368147182,0.03690264368147182,0.9637699598769757,"WALLSMATERIAL_MODE_Stone, brick",51862,51862.0,0.21081428246235895
numerical__LIVINGAPARTMENTS_MODE,-0.036689268342731625,0.036689268342731625,0.9639756265599508,LIVINGAPARTMENTS_MODE,246008,,
categorical__WALLSMATERIAL_MODE_Others,0.036068176643716206,0.036068176643716206,1.0367265246164976,WALLSMATERIAL_MODE_Others,1308,1308.0,0.005316900263406068
numerical__LIVE_REGION_NOT_WORK_REGION,-0.03574883682815034,0.03574883682815034,0.9648826060276481,LIVE_REGION_NOT_WORK_REGION,246008,,
categorical__OCCUPATION_TYPE_Cleaning staff,-0.03543773094303317,0.03543773094303317,0.9651828333836576,OCCUPATION_TYPE_Cleaning staff,3741,3741.0,0.015206822542356346
categorical__ORGANIZATION_TYPE_Postal,0.035235177388814085,0.035235177388814085,1.0358632917800252,ORGANIZATION_TYPE_Postal,1738,1738.0,0.0070648109004585215
categorical__OCCUPATION_TYPE_Secretaries,0.03483516850707656,0.03483516850707656,1.035449020124742,OCCUPATION_TYPE_Secretaries,1047,1047.0,0.0042559591557998116
numerical__OWN_CAR_AGE,0.034446004420757466,0.034446004420757466,1.0350461389514216,OWN_CAR_AGE,246008,,
numerical__AMT_INCOME_TOTAL,0.03331900035647867,0.03331900035647867,1.0338802948250403,AMT_INCOME_TOTAL,246008,,
numerical__REG_REGION_NOT_LIVE_REGION,-0.03275449530284883,0.03275449530284883,0.9677761240104834,REG_REGION_NOT_LIVE_REGION,246008,,
numerical__YEARS_BUILD_MODE,-0.03252135668356654,0.03252135668356654,0.9680017763029195,YEARS_BUILD_MODE,246008,,
categorical__ORGANIZATION_TYPE_Government,-0.032029883967853195,0.032029883967853195,0.968477639692092,ORGANIZATION_TYPE_Government,8341,8341.0,0.033905401450359335
categorical__OCCUPATION_TYPE_Waiters/barmen staff,0.031288844671776075,0.031288844671776075,1.0317834860115374,OCCUPATION_TYPE_Waiters/barmen staff,1046,1046.0,0.00425189424734155
numerical__AMT_REQ_CREDIT_BUREAU_QRT,-0.03089008918416891,0.03089008918416891,0.9695821347832259,AMT_REQ_CREDIT_BUREAU_QRT,246008,,
numerical__REG_REGION_NOT_WORK_REGION,0.0303682464869322,0.0303682464869322,1.030834065091804,REG_REGION_NOT_WORK_REGION,246008,,
numerical__FLAG_DOCUMENT_10,-0.02981102113940601,0.02981102113940601,0.9706289445695637,FLAG_DOCUMENT_10,246008,,
numerical__DEF_60_CNT_SOCIAL_CIRCLE,0.029671084516023735,0.029671084516023735,1.0301156572357208,DEF_60_CNT_SOCIAL_CIRCLE,246008,,
numerical__FLAG_DOCUMENT_15,-0.02933456007556844,0.02933456007556844,0.9710915216603203,FLAG_DOCUMENT_15,246008,,
numerical__FLAG_DOCUMENT_14,-0.026754768643642075,0.026754768643642075,0.9735999694924173,FLAG_DOCUMENT_14,246008,,
numerical__FLAG_PHONE,-0.02496173609363643,0.02496173609363643,0.9753472319094797,FLAG_PHONE,246008,,
numerical__missingindicator_EXT_SOURCE_3,-0.024849740865228512,0.024849740865228512,0.9754564722625794,missingindicator_EXT_SOURCE_3,246008,,
numerical__NONLIVINGAREA_MEDI,0.024121363743937536,0.024121363743937536,1.024414637142252,NONLIVINGAREA_MEDI,246008,,
categorical__NAME_EDUCATION_TYPE_Incomplete higher,0.024091561463863882,0.024091561463863882,1.02438410770525,NAME_EDUCATION_TYPE_Incomplete higher,8289,8289.0,0.03369402621052974
numerical__FLAG_DOCUMENT_17,-0.023764995061765236,0.023764995061765236,0.9765151686817646,FLAG_DOCUMENT_17,246008,,
numerical__missingindicator_FLOORSMAX_AVG,0.0212578486986538,0.0212578486986538,1.0214854063659577,missingindicator_FLOORSMAX_AVG,246008,,
numerical__missingindicator_FLOORSMAX_MODE,0.0212578486986538,0.0212578486986538,1.0214854063659577,missingindicator_FLOORSMAX_MODE,246008,,
numerical__missingindicator_FLOORSMAX_MEDI,0.0212578486986538,0.0212578486986538,1.0214854063659577,missingindicator_FLOORSMAX_MEDI,246008,,
numerical__REGION_POPULATION_RELATIVE,0.02019554116868296,0.02019554116868296,1.020400850894735,REGION_POPULATION_RELATIVE,246008,,
categorical__ORGANIZATION_TYPE_Mobile,-0.020160130460603526,0.020160130460603526,0.9800417262080567,ORGANIZATION_TYPE_Mobile,250,250.0,0.00101622711456538
numerical__AMT_REQ_CREDIT_BUREAU_YEAR,0.02002969887487563,0.02002969887487563,1.0202316393086264,AMT_REQ_CREDIT_BUREAU_YEAR,246008,,
categorical__OCCUPATION_TYPE_Security staff,0.01983217277153359,0.01983217277153359,1.0200301368300622,OCCUPATION_TYPE_Security staff,5372,5372.0,0.021836688237780885
categorical__ORGANIZATION_TYPE_Industry: type 11,0.019606874710400526,0.019606874710400526,1.0198003519039582,ORGANIZATION_TYPE_Industry: type 11,2169,2169.0,0.008816786445969237
categorical__ORGANIZATION_TYPE_Medicine,-0.019574466792253158,0.019574466792253158,0.9806158691514844,ORGANIZATION_TYPE_Medicine,8985,8985.0,0.036523202497479756
numerical__YEARS_BEGINEXPLUATATION_AVG,-0.019407016045581423,0.019407016045581423,0.9807800877598525,YEARS_BEGINEXPLUATATION_AVG,246008,,
numerical__missingindicator_LIVINGAREA_AVG,-0.01902346071538121,0.01902346071538121,0.9811563433430714,missingindicator_LIVINGAREA_AVG,246008,,
numerical__missingindicator_LIVINGAREA_MODE,-0.01902346071538121,0.01902346071538121,0.9811563433430714,missingindicator_LIVINGAREA_MODE,246008,,
numerical__missingindicator_LIVINGAREA_MEDI,-0.01902346071538121,0.01902346071538121,0.9811563433430714,missingindicator_LIVINGAREA_MEDI,246008,,
numerical__missingindicator_AMT_REQ_CREDIT_BUREAU_DAY,0.017672622981512988,0.017672622981512988,1.017829707785467,missingindicator_AMT_REQ_CREDIT_BUREAU_DAY,246008,,
numerical__missingindicator_AMT_REQ_CREDIT_BUREAU_HOUR,0.017672622981512988,0.017672622981512988,1.017829707785467,missingindicator_AMT_REQ_CREDIT_BUREAU_HOUR,246008,,
numerical__missingindicator_AMT_REQ_CREDIT_BUREAU_YEAR,0.017672622981512988,0.017672622981512988,1.017829707785467,missingindicator_AMT_REQ_CREDIT_BUREAU_YEAR,246008,,
numerical__missingindicator_AMT_REQ_CREDIT_BUREAU_WEEK,0.017672622981512988,0.017672622981512988,1.017829707785467,missingindicator_AMT_REQ_CREDIT_BUREAU_WEEK,246008,,
numerical__missingindicator_AMT_REQ_CREDIT_BUREAU_MON,0.017672622981512988,0.017672622981512988,1.017829707785467,missingindicator_AMT_REQ_CREDIT_BUREAU_MON,246008,,
numerical__missingindicator_AMT_REQ_CREDIT_BUREAU_QRT,0.017672622981512988,0.017672622981512988,1.017829707785467,missingindicator_AMT_REQ_CREDIT_BUREAU_QRT,246008,,
numerical__FLAG_CONT_MOBILE,-0.016919672526060914,0.016919672526060914,0.9832226612555692,FLAG_CONT_MOBILE,246008,,
categorical__ORGANIZATION_TYPE_Housing,0.016647813000143515,0.016647813000143515,1.0167871600395055,ORGANIZATION_TYPE_Housing,2371,2371.0,0.009637897954538064
categorical__ORGANIZATION_TYPE_Services,-0.016525491303154248,0.016525491303154248,0.9836103055626068,ORGANIZATION_TYPE_Services,1255,1255.0,0.005101460115118208
numerical__LANDAREA_MODE,0.01647891294199809,0.01647891294199809,1.0166154391312971,LANDAREA_MODE,246008,,
numerical__missingindicator_NONLIVINGAREA_MEDI,0.016235755281902645,0.016235755281902645,1.0163682713514886,missingindicator_NONLIVINGAREA_MEDI,246008,,
numerical__missingindicator_NONLIVINGAREA_MODE,0.016235755281902645,0.016235755281902645,1.0163682713514886,missingindicator_NONLIVINGAREA_MODE,246008,,
numerical__missingindicator_NONLIVINGAREA_AVG,0.016235755281902645,0.016235755281902645,1.0163682713514886,missingindicator_NONLIVINGAREA_AVG,246008,,
categorical__ORGANIZATION_TYPE_Electricity,0.016107229795030622,0.016107229795030622,1.0162376505188047,ORGANIZATION_TYPE_Electricity,757,757.0,0.0030771357029039706
numerical__missingindicator_YEARS_BUILD_MEDI,0.015984681119564265,0.015984681119564265,1.0161131195714816,missingindicator_YEARS_BUILD_MEDI,246008,,
numerical__missingindicator_YEARS_BUILD_MODE,0.015984681119564265,0.015984681119564265,1.0161131195714816,missingindicator_YEARS_BUILD_MODE,246008,,
numerical__missingindicator_YEARS_BUILD_AVG,0.015984681119564265,0.015984681119564265,1.0161131195714816,missingindicator_YEARS_BUILD_AVG,246008,,
numerical__missingindicator_AMT_ANNUITY,-0.01563886642540959,0.01563886642540959,0.9844827856536466,missingindicator_AMT_ANNUITY,246008,,
numerical__missingindicator_ANNUITY_INCOME_RATIO,-0.01563886642540959,0.01563886642540959,0.9844827856536466,missingindicator_ANNUITY_INCOME_RATIO,246008,,
numerical__missingindicator_ANNUITY_CREDIT_RATIO,-0.01563886642540959,0.01563886642540959,0.9844827856536466,missingindicator_ANNUITY_CREDIT_RATIO,246008,,
numerical__FLAG_DOCUMENT_2,0.015217545422489185,0.015217545422489185,1.015333921838603,FLAG_DOCUMENT_2,246008,,
categorical__NAME_TYPE_SUITE_Unaccompanied,-0.01497565361756772,0.01497565361756772,0.985135923807046,NAME_TYPE_SUITE_Unaccompanied,198808,198808.0,0.8081363207700563
numerical__missingindicator_ELEVATORS_AVG,-0.014904187815008919,0.014904187815008919,0.9852063298522526,missingindicator_ELEVATORS_AVG,246008,,
numerical__missingindicator_ELEVATORS_MEDI,-0.014904187815008919,0.014904187815008919,0.9852063298522526,missingindicator_ELEVATORS_MEDI,246008,,
numerical__missingindicator_ELEVATORS_MODE,-0.014904187815008919,0.014904187815008919,0.9852063298522526,missingindicator_ELEVATORS_MODE,246008,,
numerical__TOTALAREA_MODE,0.014680280357249434,0.014680280357249434,1.0147885649065784,TOTALAREA_MODE,246008,,
numerical__FLAG_DOCUMENT_20,0.013540303258610512,0.013540303258610512,1.0136323883152512,FLAG_DOCUMENT_20,246008,,
numerical__HOUR_APPR_PROCESS_START,-0.012580529221400282,0.012580529221400282,0.9874982748246486,HOUR_APPR_PROCESS_START,246008,,
numerical__NONLIVINGAPARTMENTS_AVG,-0.012393064086139782,0.012393064086139782,0.9876834136753057,NONLIVINGAPARTMENTS_AVG,246008,,
categorical__ORGANIZATION_TYPE_Business Entity Type 1,-0.012306439865643079,0.012306439865643079,0.9877689746868873,ORGANIZATION_TYPE_Business Entity Type 1,4820,4820.0,0.019592858768820526
numerical__FLOORSMIN_MODE,-0.012299706042709396,0.012299706042709396,0.9877756261706572,FLOORSMIN_MODE,246008,,
numerical__FLAG_DOCUMENT_12,-0.012077756370844035,0.012077756370844035,0.9879948869782944,FLAG_DOCUMENT_12,246008,,
numerical__AGE_YEARS,-0.01158220553163856,0.01158220553163856,0.9884846100049739,AGE_YEARS,246008,,
numerical__FLAG_DOCUMENT_9,0.011178174188399927,0.011178174188399927,1.0112408834179052,FLAG_DOCUMENT_9,246008,,
numerical__AMT_REQ_CREDIT_BUREAU_DAY,0.010726463335172156,0.010726463335172156,1.0107841980882628,AMT_REQ_CREDIT_BUREAU_DAY,246008,,
numerical__missingindicator_LIVINGAPARTMENTS_MEDI,0.010630505794445072,0.010630505794445072,1.0106872103758342,missingindicator_LIVINGAPARTMENTS_MEDI,246008,,
numerical__missingindicator_LIVINGAPARTMENTS_MODE,0.010630505794445072,0.010630505794445072,1.0106872103758342,missingindicator_LIVINGAPARTMENTS_MODE,246008,,
numerical__missingindicator_LIVINGAPARTMENTS_AVG,0.010630505794445072,0.010630505794445072,1.0106872103758342,missingindicator_LIVINGAPARTMENTS_AVG,246008,,
numerical__FLAG_DOCUMENT_11,-0.009733229342838075,0.009733229342838075,0.9903139852263054,FLAG_DOCUMENT_11,246008,,
numerical__missingindicator_INCOME_PER_PERSON,-0.009641030781240036,0.009641030781240036,0.9904052949605221,missingindicator_INCOME_PER_PERSON,246008,,
numerical__missingindicator_CNT_FAM_MEMBERS,-0.009641030781240036,0.009641030781240036,0.9904052949605221,missingindicator_CNT_FAM_MEMBERS,246008,,
categorical__ORGANIZATION_TYPE_Insurance,0.009607461577881907,0.009607461577881907,1.009653761392643,ORGANIZATION_TYPE_Insurance,476,476.0,0.0019348964261324834
numerical__missingindicator_FLOORSMIN_MODE,-0.009582067763581118,0.009582067763581118,0.9904636939670922,missingindicator_FLOORSMIN_MODE,246008,,
numerical__missingindicator_FLOORSMIN_MEDI,-0.009582067763581118,0.009582067763581118,0.9904636939670922,missingindicator_FLOORSMIN_MEDI,246008,,
numerical__missingindicator_FLOORSMIN_AVG,-0.009582067763581118,0.009582067763581118,0.9904636939670922,missingindicator_FLOORSMIN_AVG,246008,,
numerical__AMT_REQ_CREDIT_BUREAU_MON,-0.009453323205878768,0.009453323205878768,0.9905912189861922,AMT_REQ_CREDIT_BUREAU_MON,246008,,
numerical__YEARS_BEGINEXPLUATATION_MODE,0.008807709462088269,0.008807709462088269,1.0088466114637034,YEARS_BEGINEXPLUATATION_MODE,246008,,
numerical__FLOORSMIN_MEDI,0.00864314551561422,0.00864314551561422,1.0086806053436197,FLOORSMIN_MEDI,246008,,
numerical__FLAG_MOBIL,0.008192866851056017,0.008192866851056017,1.0082265202277718,FLAG_MOBIL,246008,,
numerical__missingindicator_DAYS_LAST_PHONE_CHANGE,-0.008192866850990339,0.008192866850990339,0.9918406032149921,missingindicator_DAYS_LAST_PHONE_CHANGE,246008,,
numerical__LIVINGAREA_MODE,-0.007945966339886163,0.007945966339886163,0.9920855194005813,LIVINGAREA_MODE,246008,,
numerical__missingindicator_EXT_SOURCE_2,0.00784333129937586,0.00784333129937586,1.007874170797719,missingindicator_EXT_SOURCE_2,246008,,
numerical__missingindicator_ENTRANCES_AVG,-0.007736198539501679,0.007736198539501679,0.9922936488264421,missingindicator_ENTRANCES_AVG,246008,,
numerical__missingindicator_ENTRANCES_MODE,-0.007736198539501679,0.007736198539501679,0.9922936488264421,missingindicator_ENTRANCES_MODE,246008,,
numerical__missingindicator_ENTRANCES_MEDI,-0.007736198539501679,0.007736198539501679,0.9922936488264421,missingindicator_ENTRANCES_MEDI,246008,,
numerical__BASEMENTAREA_MODE,0.007108355900013973,0.007108355900013973,1.007133680231039,BASEMENTAREA_MODE,246008,,
numerical__missingindicator_LANDAREA_MODE,-0.006940917416173948,0.006940917416173948,0.993083115116361,missingindicator_LANDAREA_MODE,246008,,
numerical__missingindicator_LANDAREA_AVG,-0.006940917416173948,0.006940917416173948,0.993083115116361,missingindicator_LANDAREA_AVG,246008,,
numerical__missingindicator_LANDAREA_MEDI,-0.006940917416173948,0.006940917416173948,0.993083115116361,missingindicator_LANDAREA_MEDI,246008,,
numerical__missingindicator_YEARS_BEGINEXPLUATATION_AVG,-0.006815111422484224,0.006815111422484224,0.993208058783641,missingindicator_YEARS_BEGINEXPLUATATION_AVG,246008,,
numerical__missingindicator_YEARS_BEGINEXPLUATATION_MODE,-0.006815111422484224,0.006815111422484224,0.993208058783641,missingindicator_YEARS_BEGINEXPLUATATION_MODE,246008,,
numerical__missingindicator_YEARS_BEGINEXPLUATATION_MEDI,-0.006815111422484224,0.006815111422484224,0.993208058783641,missingindicator_YEARS_BEGINEXPLUATATION_MEDI,246008,,
numerical__missingindicator_NONLIVINGAPARTMENTS_AVG,-0.0064805249388200275,0.0064805249388200275,0.9935404283756623,missingindicator_NONLIVINGAPARTMENTS_AVG,246008,,
numerical__missingindicator_NONLIVINGAPARTMENTS_MODE,-0.0064805249388200275,0.0064805249388200275,0.9935404283756623,missingindicator_NONLIVINGAPARTMENTS_MODE,246008,,
numerical__missingindicator_NONLIVINGAPARTMENTS_MEDI,-0.0064805249388200275,0.0064805249388200275,0.9935404283756623,missingindicator_NONLIVINGAPARTMENTS_MEDI,246008,,
numerical__FLAG_DOCUMENT_21,0.0056447212057065725,0.0056447212057065725,1.005660682662978,FLAG_DOCUMENT_21,246008,,
numerical__AMT_REQ_CREDIT_BUREAU_WEEK,-0.005599597887302313,0.005599597887302313,0.9944160506388382,AMT_REQ_CREDIT_BUREAU_WEEK,246008,,
numerical__APARTMENTS_MODE,0.005584553300438607,0.005584553300438607,1.00560017598659,APARTMENTS_MODE,246008,,
numerical__missingindicator_AMT_GOODS_PRICE,0.0049092078414486925,0.0049092078414486925,1.0049212777454035,missingindicator_AMT_GOODS_PRICE,246008,,
numerical__missingindicator_CREDIT_GOODS_RATIO,0.0049092078414486925,0.0049092078414486925,1.0049212777454035,missingindicator_CREDIT_GOODS_RATIO,246008,,
numerical__FLAG_DOCUMENT_7,0.004757030134862456,0.004757030134862456,1.004768362765477,FLAG_DOCUMENT_7,246008,,
numerical__FLAG_DOCUMENT_19,-0.0044406560848229875,0.0044406560848229875,0.995569189050065,FLAG_DOCUMENT_19,246008,,
numerical__missingindicator_BASEMENTAREA_MEDI,0.0043085989950039484,0.0043085989950039484,1.004317894352849,missingindicator_BASEMENTAREA_MEDI,246008,,
numerical__missingindicator_BASEMENTAREA_MODE,0.0043085989950039484,0.0043085989950039484,1.004317894352849,missingindicator_BASEMENTAREA_MODE,246008,,
numerical__missingindicator_BASEMENTAREA_AVG,0.0043085989950039484,0.0043085989950039484,1.004317894352849,missingindicator_BASEMENTAREA_AVG,246008,,
categorical__NAME_HOUSING_TYPE_Municipal apartment,-0.0040081344819851514,0.0040081344819851514,0.9959998873678978,NAME_HOUSING_TYPE_Municipal apartment,8916,8916.0,0.03624272381385971
numerical__missingindicator_APARTMENTS_MEDI,0.003715177968840986,0.003715177968840986,1.0037220877969415,missingindicator_APARTMENTS_MEDI,246008,,
numerical__missingindicator_APARTMENTS_AVG,0.003715177968840986,0.003715177968840986,1.0037220877969415,missingindicator_APARTMENTS_AVG,246008,,
numerical__missingindicator_APARTMENTS_MODE,0.003715177968840986,0.003715177968840986,1.0037220877969415,missingindicator_APARTMENTS_MODE,246008,,
categorical__OCCUPATION_TYPE_Laborers,0.003417549405007863,0.003417549405007863,1.0034233958852903,OCCUPATION_TYPE_Laborers,44259,44259.0,0.1799087834541966
categorical__NAME_TYPE_SUITE_Children,-0.0032387900646803844,0.0032387900646803844,0.9967664491580873,NAME_TYPE_SUITE_Children,2673,2673.0,0.010865500308933043
numerical__FLOORSMIN_AVG,0.0028421443047805662,0.0028421443047805662,1.0028461870259968,FLOORSMIN_AVG,246008,,
numerical__YEARS_BEGINEXPLUATATION_MEDI,-0.0021597576855832633,0.0021597576855832633,0.9978425729129023,YEARS_BEGINEXPLUATATION_MEDI,246008,,
categorical__ORGANIZATION_TYPE_Transport: type 2,0.0015596940937061979,0.0015596940937061979,1.0015609110491497,ORGANIZATION_TYPE_Transport: type 2,1769,1769.0,0.0071908230626646285
categorical__ORGANIZATION_TYPE_Other,0.0015268234117703167,0.0015268234117703167,1.0015279896000813,ORGANIZATION_TYPE_Other,13307,13307.0,0.054091736854086046
numerical__missingindicator_OBS_30_CNT_SOCIAL_CIRCLE,-0.0014055544282776267,0.0014055544282776267,0.9985954329007121,missingindicator_OBS_30_CNT_SOCIAL_CIRCLE,246008,,
numerical__missingindicator_OBS_60_CNT_SOCIAL_CIRCLE,-0.0014055544282776267,0.0014055544282776267,0.9985954329007121,missingindicator_OBS_60_CNT_SOCIAL_CIRCLE,246008,,
numerical__missingindicator_DEF_60_CNT_SOCIAL_CIRCLE,-0.0014055544282776267,0.0014055544282776267,0.9985954329007121,missingindicator_DEF_60_CNT_SOCIAL_CIRCLE,246008,,
numerical__missingindicator_DEF_30_CNT_SOCIAL_CIRCLE,-0.0014055544282776267,0.0014055544282776267,0.9985954329007121,missingindicator_DEF_30_CNT_SOCIAL_CIRCLE,246008,,
categorical__OCCUPATION_TYPE_Cooking staff,-0.0013299122933931183,0.0013299122933931183,0.9986709716480626,OCCUPATION_TYPE_Cooking staff,4767,4767.0,0.019377418620532667
numerical__AMT_REQ_CREDIT_BUREAU_HOUR,-0.0009181571099635493,0.0009181571099635493,0.9990822642673024,AMT_REQ_CREDIT_BUREAU_HOUR,246008,,
numerical__FLOORSMAX_MODE,0.0007771822606167282,0.0007771822606167282,1.000777484345003,FLOORSMAX_MODE,246008,,
numerical__missingindicator_COMMONAREA_MEDI,0.0006115042303524814,0.0006115042303524814,1.000611691237181,missingindicator_COMMONAREA_MEDI,246008,,
numerical__missingindicator_COMMONAREA_AVG,0.0006115042303524814,0.0006115042303524814,1.000611691237181,missingindicator_COMMONAREA_AVG,246008,,
numerical__missingindicator_COMMONAREA_MODE,0.0006115042303524814,0.0006115042303524814,1.000611691237181,missingindicator_COMMONAREA_MODE,246008,,
numerical__FLAG_EMAIL,0.0001762220424162921,0.0001762220424162921,1.0001762375704326,FLAG_EMAIL,246008,,
categorical__NAME_FAMILY_STATUS_Unknown,-3.2777197727892444e-05,3.2777197727892444e-05,0.9999672233394385,NAME_FAMILY_STATUS_Unknown,2,2.0,8.129816916523039e-06
