feature,importance_mean,importance_std,display_feature
numerical__EXT_SOURCE_2,0.05725617028942469,0.004075663855083663,EXT_SOURCE_2
numerical__EXT_SOURCE_3,0.053110742070336794,0.0010354808608595812,EXT_SOURCE_3
numerical__ANNUITY_CREDIT_RATIO,0.015785587395378237,0.0030224090400387885,ANNUITY_CREDIT_RATIO
numerical__EXT_SOURCE_1,0.01261394075399767,0.0029975900473382757,EXT_SOURCE_1
numerical__CREDIT_GOODS_RATIO,0.0076752970785415545,0.001686001242073261,CREDIT_GOODS_RATIO
categorical__CODE_GENDER,0.005272804129497327,0.0007890507184155439,CODE_GENDER
numerical__AMT_ANNUITY,0.004465337811022724,0.0018494512423270972,AMT_ANNUITY
numerical__EMPLOYMENT_YEARS,0.002748438595827546,0.0011465701615077028,EMPLOYMENT_YEARS
numerical__AMT_GOODS_PRICE,0.0026815431026220027,0.001029311146729867,AMT_GOODS_PRICE
categorical__NAME_EDUCATION_TYPE,0.002653891351350801,0.0003686381884845065,NAME_EDUCATION_TYPE
categorical__FLAG_OWN_CAR,0.0024736016078318545,0.0008637154714273544,FLAG_OWN_CAR
categorical__OCCUPATION_TYPE,0.002225175655567241,0.0008745696213207101,OCCUPATION_TYPE
numerical__FLAG_DOCUMENT_3,0.0021778054201443296,0.0007527456775381804,FLAG_DOCUMENT_3
numerical__OWN_CAR_AGE,0.0020405393810719484,0.0005992420979100258,OWN_CAR_AGE
categorical__NAME_FAMILY_STATUS,0.0015239227348010365,0.0012803662717821263,NAME_FAMILY_STATUS
numerical__AGE_YEARS,0.0014415211767415004,0.0015637315719442396,AGE_YEARS
categorical__ORGANIZATION_TYPE,0.0012949518161668948,0.0014844087809276713,ORGANIZATION_TYPE
numerical__missingindicator_AMT_REQ_CREDIT_BUREAU_HOUR,0.0012515750554427274,0.0003482549520160092,missingindicator_AMT_REQ_CREDIT_BUREAU_HOUR
numerical__CREDIT_INCOME_RATIO,0.0012230709892821156,0.00011195440166516095,CREDIT_INCOME_RATIO
numerical__AMT_CREDIT,0.0009752114086612418,0.000546781040453991,AMT_CREDIT
numerical__DEF_30_CNT_SOCIAL_CIRCLE,0.0009052404426533323,0.00024043320320747105,DEF_30_CNT_SOCIAL_CIRCLE
numerical__ANNUITY_INCOME_RATIO,0.0008409359448823039,0.0005573072508101469,ANNUITY_INCOME_RATIO
numerical__DEF_60_CNT_SOCIAL_CIRCLE,0.000768155269960813,0.0003193919083026143,DEF_60_CNT_SOCIAL_CIRCLE
numerical__REGION_RATING_CLIENT_W_CITY,0.0006343282353693414,0.0008599271454854602,REGION_RATING_CLIENT_W_CITY
numerical__EMPLOYED_AGE_RATIO,0.0005791478522253646,0.00020292152389240995,EMPLOYED_AGE_RATIO
categorical__NAME_CONTRACT_TYPE,0.000516565966922794,0.0006210090532141986,NAME_CONTRACT_TYPE
numerical__FLAG_WORK_PHONE,0.0004553641049164836,0.0012585995704528952,FLAG_WORK_PHONE
numerical__REGION_POPULATION_RELATIVE,0.00045345609782284637,0.00025086155867659,REGION_POPULATION_RELATIVE
numerical__REG_CITY_NOT_LIVE_CITY,0.00043762389587066465,0.00017007769738909204,REG_CITY_NOT_LIVE_CITY
numerical__OBS_60_CNT_SOCIAL_CIRCLE,0.0004037250715119622,0.00010880287479331624,OBS_60_CNT_SOCIAL_CIRCLE
numerical__DAYS_LAST_PHONE_CHANGE,0.00033020160625674697,0.0005363924890296985,DAYS_LAST_PHONE_CHANGE
numerical__missingindicator_EXT_SOURCE_1,0.00030379012247072623,0.001123603215048945,missingindicator_EXT_SOURCE_1
numerical__FLOORSMAX_MEDI,0.00018308448210943573,0.00023328431746934148,FLOORSMAX_MEDI
numerical__EMPLOYMENT_START_AGE,0.00015769751487006433,0.0005364837632211128,EMPLOYMENT_START_AGE
categorical__NAME_INCOME_TYPE,0.00013673579876763987,0.00017406763056908422,NAME_INCOME_TYPE
numerical__FLAG_DOCUMENT_16,0.00013365490487342037,0.00011581061177171467,FLAG_DOCUMENT_16
numerical__LIVINGAPARTMENTS_AVG,0.00010137442610827496,9.072100992142616e-05,LIVINGAPARTMENTS_AVG
numerical__LIVINGAREA_AVG,8.23831671062536e-05,3.4759523901215965e-05,LIVINGAREA_AVG
numerical__COMMONAREA_MEDI,7.591198976851788e-05,1.5697921297029415e-05,COMMONAREA_MEDI
numerical__LIVE_CITY_NOT_WORK_CITY,6.859030866054883e-05,6.534967528938356e-05,LIVE_CITY_NOT_WORK_CITY
numerical__LANDAREA_MODE,6.805170683079065e-05,0.00010729595599143931,LANDAREA_MODE
categorical__NAME_HOUSING_TYPE,5.732507867124981e-05,0.00018632551273844623,NAME_HOUSING_TYPE
numerical__YEARS_BEGINEXPLUATATION_MEDI,5.564258978238423e-05,0.00020425851076769287,YEARS_BEGINEXPLUATATION_MEDI
numerical__AMT_REQ_CREDIT_BUREAU_MON,5.475807743535732e-05,2.0550541016598317e-05,AMT_REQ_CREDIT_BUREAU_MON
numerical__missingindicator_YEARS_BUILD_AVG,5.3122528959398395e-05,2.7110822987698172e-05,missingindicator_YEARS_BUILD_AVG
numerical__YEARS_BUILD_MODE,5.188554565444536e-05,2.2017602399733834e-05,YEARS_BUILD_MODE
numerical__FLAG_DOCUMENT_13,4.771289872878004e-05,8.474345619647635e-05,FLAG_DOCUMENT_13
numerical__ELEVATORS_MEDI,4.225710692443152e-05,3.4968217980324534e-05,ELEVATORS_MEDI
numerical__COMMONAREA_AVG,3.770631878410868e-05,2.5706046927174014e-05,COMMONAREA_AVG
categorical__NAME_TYPE_SUITE,3.526730413170864e-05,6.117574038894488e-05,NAME_TYPE_SUITE
categorical__FONDKAPREMONT_MODE,3.504610383994189e-05,4.5842653957648076e-05,FONDKAPREMONT_MODE
numerical__FLOORSMIN_AVG,2.6223558162630223e-05,3.5220113186088545e-05,FLOORSMIN_AVG
numerical__FLOORSMIN_MODE,2.437097677888689e-05,9.89527024414175e-06,FLOORSMIN_MODE
numerical__FLAG_DOCUMENT_8,2.4271678580023436e-05,4.764641635485631e-06,FLAG_DOCUMENT_8
numerical__LIVINGAPARTMENTS_MEDI,2.092747939287376e-05,0.00017186514990406344,LIVINGAPARTMENTS_MEDI
numerical__NONLIVINGAREA_MODE,2.0557523721692617e-05,0.00015248639768475645,NONLIVINGAREA_MODE
numerical__YEARS_BUILD_AVG,1.819621401919491e-05,0.00010399924103685404,YEARS_BUILD_AVG
numerical__LANDAREA_AVG,1.7656524401915563e-05,3.61857339830553e-05,LANDAREA_AVG
numerical__FLAG_DOCUMENT_18,1.6891034806160166e-05,2.1842354964816345e-05,FLAG_DOCUMENT_18
numerical__NONLIVINGAREA_MEDI,1.4950999105600716e-05,2.541236313735845e-05,NONLIVINGAREA_MEDI
numerical__missingindicator_LIVINGAPARTMENTS_AVG,1.3875250915640347e-05,1.0760138207158998e-05,missingindicator_LIVINGAPARTMENTS_AVG
numerical__YEARS_BEGINEXPLUATATION_AVG,1.0769979314684264e-05,4.805935323052092e-05,YEARS_BEGINEXPLUATATION_AVG
numerical__FLOORSMAX_MODE,9.820737504651066e-06,5.91688221650383e-05,FLOORSMAX_MODE
numerical__missingindicator_FLOORSMAX_AVG,8.153941944427645e-06,1.769580185001844e-05,missingindicator_FLOORSMAX_AVG
numerical__NONLIVINGAPARTMENTS_MODE,3.974540423795636e-06,4.717170608292512e-06,NONLIVINGAPARTMENTS_MODE
numerical__REG_CITY_NOT_WORK_CITY,3.216452386167745e-06,2.0878153072537558e-05,REG_CITY_NOT_WORK_CITY
numerical__missingindicator_EXT_SOURCE_3,1.9931551967611315e-06,1.018092560797789e-05,missingindicator_EXT_SOURCE_3
numerical__missingindicator_BASEMENTAREA_MODE,0.0,0.0,missingindicator_BASEMENTAREA_MODE
numerical__missingindicator_CREDIT_GOODS_RATIO,0.0,0.0,missingindicator_CREDIT_GOODS_RATIO
numerical__missingindicator_LIVINGAREA_AVG,0.0,0.0,missingindicator_LIVINGAREA_AVG
numerical__missingindicator_INCOME_PER_PERSON,0.0,0.0,missingindicator_INCOME_PER_PERSON
numerical__missingindicator_AMT_ANNUITY,0.0,0.0,missingindicator_AMT_ANNUITY
numerical__missingindicator_APARTMENTS_MODE,0.0,0.0,missingindicator_APARTMENTS_MODE
numerical__missingindicator_NONLIVINGAPARTMENTS_AVG,0.0,0.0,missingindicator_NONLIVINGAPARTMENTS_AVG
numerical__missingindicator_ANNUITY_CREDIT_RATIO,0.0,0.0,missingindicator_ANNUITY_CREDIT_RATIO
numerical__missingindicator_YEARS_BEGINEXPLUATATION_AVG,0.0,0.0,missingindicator_YEARS_BEGINEXPLUATATION_AVG
numerical__missingindicator_OWN_CAR_AGE,0.0,0.0,missingindicator_OWN_CAR_AGE
numerical__missingindicator_AMT_GOODS_PRICE,0.0,0.0,missingindicator_AMT_GOODS_PRICE
numerical__missingindicator_BASEMENTAREA_AVG,0.0,0.0,missingindicator_BASEMENTAREA_AVG
numerical__missingindicator_LANDAREA_AVG,0.0,0.0,missingindicator_LANDAREA_AVG
numerical__missingindicator_CNT_FAM_MEMBERS,0.0,0.0,missingindicator_CNT_FAM_MEMBERS
numerical__missingindicator_ENTRANCES_AVG,0.0,0.0,missingindicator_ENTRANCES_AVG
numerical__missingindicator_EXT_SOURCE_2,0.0,0.0,missingindicator_EXT_SOURCE_2
numerical__missingindicator_APARTMENTS_AVG,0.0,0.0,missingindicator_APARTMENTS_AVG
numerical__missingindicator_ELEVATORS_AVG,0.0,0.0,missingindicator_ELEVATORS_AVG
numerical__missingindicator_ANNUITY_INCOME_RATIO,0.0,0.0,missingindicator_ANNUITY_INCOME_RATIO
numerical__missingindicator_AMT_REQ_CREDIT_BUREAU_WEEK,0.0,0.0,missingindicator_AMT_REQ_CREDIT_BUREAU_WEEK
numerical__missingindicator_EMPLOYMENT_START_AGE,0.0,0.0,missingindicator_EMPLOYMENT_START_AGE
numerical__missingindicator_ELEVATORS_MEDI,0.0,0.0,missingindicator_ELEVATORS_MEDI
numerical__missingindicator_FLOORSMAX_MEDI,0.0,0.0,missingindicator_FLOORSMAX_MEDI
numerical__missingindicator_FLOORSMIN_MEDI,0.0,0.0,missingindicator_FLOORSMIN_MEDI
numerical__missingindicator_LANDAREA_MEDI,0.0,0.0,missingindicator_LANDAREA_MEDI
numerical__missingindicator_LIVINGAPARTMENTS_MEDI,0.0,0.0,missingindicator_LIVINGAPARTMENTS_MEDI
numerical__missingindicator_LIVINGAREA_MEDI,0.0,0.0,missingindicator_LIVINGAREA_MEDI
numerical__missingindicator_NONLIVINGAPARTMENTS_MEDI,0.0,0.0,missingindicator_NONLIVINGAPARTMENTS_MEDI
numerical__missingindicator_AMT_REQ_CREDIT_BUREAU_YEAR,0.0,0.0,missingindicator_AMT_REQ_CREDIT_BUREAU_YEAR
numerical__missingindicator_AMT_REQ_CREDIT_BUREAU_QRT,0.0,0.0,missingindicator_AMT_REQ_CREDIT_BUREAU_QRT
numerical__missingindicator_NONLIVINGAREA_MEDI,0.0,0.0,missingindicator_NONLIVINGAREA_MEDI
numerical__missingindicator_OBS_30_CNT_SOCIAL_CIRCLE,0.0,0.0,missingindicator_OBS_30_CNT_SOCIAL_CIRCLE
numerical__missingindicator_DEF_30_CNT_SOCIAL_CIRCLE,0.0,0.0,missingindicator_DEF_30_CNT_SOCIAL_CIRCLE
numerical__missingindicator_OBS_60_CNT_SOCIAL_CIRCLE,0.0,0.0,missingindicator_OBS_60_CNT_SOCIAL_CIRCLE
numerical__missingindicator_AMT_REQ_CREDIT_BUREAU_MON,0.0,0.0,missingindicator_AMT_REQ_CREDIT_BUREAU_MON
numerical__missingindicator_DEF_60_CNT_SOCIAL_CIRCLE,0.0,0.0,missingindicator_DEF_60_CNT_SOCIAL_CIRCLE
numerical__missingindicator_DAYS_LAST_PHONE_CHANGE,0.0,0.0,missingindicator_DAYS_LAST_PHONE_CHANGE
numerical__missingindicator_ENTRANCES_MEDI,0.0,0.0,missingindicator_ENTRANCES_MEDI
numerical__missingindicator_COMMONAREA_MEDI,0.0,0.0,missingindicator_COMMONAREA_MEDI
numerical__missingindicator_YEARS_BEGINEXPLUATATION_MODE,0.0,0.0,missingindicator_YEARS_BEGINEXPLUATATION_MODE
numerical__missingindicator_YEARS_BUILD_MEDI,0.0,0.0,missingindicator_YEARS_BUILD_MEDI
numerical__missingindicator_YEARS_BUILD_MODE,0.0,0.0,missingindicator_YEARS_BUILD_MODE
numerical__missingindicator_COMMONAREA_MODE,0.0,0.0,missingindicator_COMMONAREA_MODE
numerical__missingindicator_ELEVATORS_MODE,0.0,0.0,missingindicator_ELEVATORS_MODE
numerical__missingindicator_ENTRANCES_MODE,0.0,0.0,missingindicator_ENTRANCES_MODE
numerical__missingindicator_FLOORSMAX_MODE,0.0,0.0,missingindicator_FLOORSMAX_MODE
numerical__missingindicator_FLOORSMIN_MODE,0.0,0.0,missingindicator_FLOORSMIN_MODE
numerical__missingindicator_AMT_REQ_CREDIT_BUREAU_DAY,0.0,0.0,missingindicator_AMT_REQ_CREDIT_BUREAU_DAY
numerical__missingindicator_LANDAREA_MODE,0.0,0.0,missingindicator_LANDAREA_MODE
numerical__missingindicator_LIVINGAPARTMENTS_MODE,0.0,0.0,missingindicator_LIVINGAPARTMENTS_MODE
numerical__missingindicator_LIVINGAREA_MODE,0.0,0.0,missingindicator_LIVINGAREA_MODE
numerical__missingindicator_NONLIVINGAPARTMENTS_MODE,0.0,0.0,missingindicator_NONLIVINGAPARTMENTS_MODE
numerical__missingindicator_NONLIVINGAREA_MODE,0.0,0.0,missingindicator_NONLIVINGAREA_MODE
numerical__missingindicator_EMPLOYMENT_YEARS,0.0,0.0,missingindicator_EMPLOYMENT_YEARS
numerical__missingindicator_BASEMENTAREA_MEDI,0.0,0.0,missingindicator_BASEMENTAREA_MEDI
numerical__missingindicator_YEARS_BEGINEXPLUATATION_MEDI,0.0,0.0,missingindicator_YEARS_BEGINEXPLUATATION_MEDI
numerical__missingindicator_APARTMENTS_MEDI,0.0,0.0,missingindicator_APARTMENTS_MEDI
numerical__FLAG_DOCUMENT_10,0.0,0.0,FLAG_DOCUMENT_10
numerical__missingindicator_EMPLOYED_AGE_RATIO,0.0,0.0,missingindicator_EMPLOYED_AGE_RATIO
numerical__FLAG_DOCUMENT_12,0.0,0.0,FLAG_DOCUMENT_12
numerical__REG_REGION_NOT_WORK_REGION,0.0,0.0,REG_REGION_NOT_WORK_REGION
numerical__NONLIVINGAPARTMENTS_AVG,0.0,0.0,NONLIVINGAPARTMENTS_AVG
numerical__ELEVATORS_MODE,0.0,0.0,ELEVATORS_MODE
numerical__FLAG_CONT_MOBILE,0.0,0.0,FLAG_CONT_MOBILE
numerical__FLAG_EMP_PHONE,0.0,0.0,FLAG_EMP_PHONE
numerical__FLAG_MOBIL,0.0,0.0,FLAG_MOBIL
categorical__EMERGENCYSTATE_MODE,0.0,0.0,EMERGENCYSTATE_MODE
numerical__FLAG_DOCUMENT_2,0.0,0.0,FLAG_DOCUMENT_2
numerical__FLAG_DOCUMENT_4,0.0,0.0,FLAG_DOCUMENT_4
numerical__FLAG_DOCUMENT_5,0.0,0.0,FLAG_DOCUMENT_5
numerical__FLAG_DOCUMENT_6,0.0,0.0,FLAG_DOCUMENT_6
numerical__FLAG_DOCUMENT_7,0.0,0.0,FLAG_DOCUMENT_7
numerical__FLAG_DOCUMENT_9,0.0,0.0,FLAG_DOCUMENT_9
numerical__FLAG_DOCUMENT_11,0.0,0.0,FLAG_DOCUMENT_11
numerical__REG_REGION_NOT_LIVE_REGION,0.0,0.0,REG_REGION_NOT_LIVE_REGION
numerical__FLAG_DOCUMENT_14,0.0,0.0,FLAG_DOCUMENT_14
numerical__FLAG_DOCUMENT_15,0.0,0.0,FLAG_DOCUMENT_15
numerical__FLAG_DOCUMENT_17,0.0,0.0,FLAG_DOCUMENT_17
numerical__FLAG_DOCUMENT_19,0.0,0.0,FLAG_DOCUMENT_19
numerical__FLAG_DOCUMENT_20,0.0,0.0,FLAG_DOCUMENT_20
numerical__FLAG_DOCUMENT_21,0.0,0.0,FLAG_DOCUMENT_21
numerical__AMT_REQ_CREDIT_BUREAU_HOUR,0.0,0.0,AMT_REQ_CREDIT_BUREAU_HOUR
numerical__AMT_REQ_CREDIT_BUREAU_DAY,0.0,0.0,AMT_REQ_CREDIT_BUREAU_DAY
numerical__DAYS_EMPLOYED_ANOMALOUS,0.0,0.0,DAYS_EMPLOYED_ANOMALOUS
categorical__HOUSETYPE_MODE,0.0,0.0,HOUSETYPE_MODE
numerical__AMT_REQ_CREDIT_BUREAU_WEEK,0.0,0.0,AMT_REQ_CREDIT_BUREAU_WEEK
numerical__missingindicator_FLOORSMIN_AVG,-5.040972465619742e-07,8.42625201671165e-07,missingindicator_FLOORSMIN_AVG
numerical__missingindicator_COMMONAREA_AVG,-4.14978822363965e-06,2.2787478901822075e-06,missingindicator_COMMONAREA_AVG
numerical__YEARS_BUILD_MEDI,-5.328341839316852e-06,3.2446180519304854e-05,YEARS_BUILD_MEDI
numerical__NONLIVINGAREA_AVG,-6.1871028782301e-06,3.282670165958983e-05,NONLIVINGAREA_AVG
numerical__TOTALAREA_MODE,-6.954513638018911e-06,5.8508273431191524e-05,TOTALAREA_MODE
numerical__LIVINGAREA_MODE,-8.93088219608984e-06,0.00010203450023623937,LIVINGAREA_MODE
numerical__FLAG_PHONE,-9.653716425955806e-06,1.536530478373253e-05,FLAG_PHONE
numerical__YEARS_BEGINEXPLUATATION_MODE,-1.0064767494899484e-05,0.00020316565510924118,YEARS_BEGINEXPLUATATION_MODE
numerical__LIVE_REGION_NOT_WORK_REGION,-1.1867102369844674e-05,1.2719931139186971e-05,LIVE_REGION_NOT_WORK_REGION
numerical__AMT_REQ_CREDIT_BUREAU_QRT,-1.3865199162887976e-05,0.0004767698442409994,AMT_REQ_CREDIT_BUREAU_QRT
numerical__REGION_RATING_CLIENT,-1.4401598905716683e-05,2.4502876350845228e-05,REGION_RATING_CLIENT
numerical__missingindicator_NONLIVINGAREA_AVG,-1.4946866125664649e-05,3.657616041103738e-05,missingindicator_NONLIVINGAREA_AVG
numerical__missingindicator_TOTALAREA_MODE,-1.8353686463029593e-05,1.581721060412566e-05,missingindicator_TOTALAREA_MODE
numerical__LANDAREA_MEDI,-2.0106507498285353e-05,0.0001126587852242742,LANDAREA_MEDI
numerical__FLAG_EMAIL,-2.0279680036189297e-05,1.427714522410466e-05,FLAG_EMAIL
numerical__COMMONAREA_MODE,-2.3212458693921967e-05,1.2967324468599217e-05,COMMONAREA_MODE
numerical__BASEMENTAREA_MEDI,-2.74375796291082e-05,0.00011603113453435681,BASEMENTAREA_MEDI
numerical__NONLIVINGAPARTMENTS_MEDI,-2.7996131649221656e-05,2.1976657932228285e-05,NONLIVINGAPARTMENTS_MEDI
numerical__FLOORSMAX_AVG,-3.4675030460706856e-05,0.00016567943179195526,FLOORSMAX_AVG
numerical__FLOORSMIN_MEDI,-3.6058493453600124e-05,3.113578210550472e-05,FLOORSMIN_MEDI
numerical__ELEVATORS_AVG,-3.607487118030272e-05,0.00013716763689313892,ELEVATORS_AVG
categorical__FLAG_OWN_REALTY,-3.7838001495926754e-05,1.2454325146168775e-05,FLAG_OWN_REALTY
numerical__HOUR_APPR_PROCESS_START,-3.838920023451764e-05,0.0001035075324255638,HOUR_APPR_PROCESS_START
numerical__BASEMENTAREA_MODE,-3.854597041046404e-05,0.00014776110053409854,BASEMENTAREA_MODE
numerical__LIVINGAPARTMENTS_MODE,-3.973026038967542e-05,5.8322167330748306e-05,LIVINGAPARTMENTS_MODE
numerical__INCOME_PER_PERSON,-4.105586825689511e-05,0.0001894481475027675,INCOME_PER_PERSON
numerical__ENTRANCES_MEDI,-4.771083558531286e-05,5.584336799834508e-05,ENTRANCES_MEDI
numerical__CNT_FAM_MEMBERS,-5.106673959639485e-05,5.7557431363832056e-05,CNT_FAM_MEMBERS
numerical__APARTMENTS_MEDI,-5.5156918826632094e-05,4.520601758119162e-05,APARTMENTS_MEDI
numerical__ENTRANCES_MODE,-6.154877110355339e-05,6.804968333971085e-05,ENTRANCES_MODE
numerical__CNT_CHILDREN,-6.282535226100893e-05,2.542485545233664e-05,CNT_CHILDREN
numerical__APARTMENTS_AVG,-0.0001466302041352674,0.00012858344417801984,APARTMENTS_AVG
categorical__WEEKDAY_APPR_PROCESS_START,-0.000156429035101191,0.00017921347824055787,WEEKDAY_APPR_PROCESS_START
numerical__APARTMENTS_MODE,-0.0001710868377057806,0.0001631724842864915,APARTMENTS_MODE
numerical__BASEMENTAREA_AVG,-0.00018069068377317145,4.2562627403272385e-05,BASEMENTAREA_AVG
numerical__AMT_REQ_CREDIT_BUREAU_YEAR,-0.0001946586597921407,5.5700168345854176e-05,AMT_REQ_CREDIT_BUREAU_YEAR
numerical__OBS_30_CNT_SOCIAL_CIRCLE,-0.00020566617853565728,0.00017174568493694137,OBS_30_CNT_SOCIAL_CIRCLE
numerical__REGISTRATION_YEARS,-0.00022452715770130972,0.0006661008203004596,REGISTRATION_YEARS
numerical__ENTRANCES_AVG,-0.0002400436925460825,0.00016756367663729095,ENTRANCES_AVG
numerical__EXT_SOURCE_AVAILABLE_COUNT,-0.00026474489664981004,0.00020194867038357764,EXT_SOURCE_AVAILABLE_COUNT
numerical__LIVINGAREA_MEDI,-0.00026768127730347204,0.00032749288478614504,LIVINGAREA_MEDI
numerical__AMT_INCOME_TOTAL,-0.00031106510883665563,0.0003434751667473808,AMT_INCOME_TOTAL
categorical__WALLSMATERIAL_MODE,-0.00044818963686066304,0.00040025490715011377,WALLSMATERIAL_MODE
numerical__ID_PUBLISH_YEARS,-0.0005685807204843296,0.0008296434701474982,ID_PUBLISH_YEARS
