,feature,standardized_mean_difference,absolute_smd
0,AGE_YEARS,-0.29754665818205667,0.29754665818205667
1,EMPLOYMENT_YEARS,-0.29395712885564956,0.29395712885564956
2,AMT_INCOME_TOTAL,-0.004360339460715927,0.004360339460715927
3,AMT_CREDIT,-0.12042151109107929,0.12042151109107929
4,AMT_ANNUITY,-0.04982192709260086,0.04982192709260086
5,AMT_GOODS_PRICE,-0.15718485075824268,0.15718485075824268
6,EXT_SOURCE_1,-0.6031496887070804,0.6031496887070804
7,EXT_SOURCE_2,-0.5591164647099746,0.5591164647099746
8,EXT_SOURCE_3,-0.6572425433130343,0.6572425433130343
